,match_id,date,home_team,away_team,home_score,away_score,home_possession_%,away_possession_%,home_shots_on_target,away_shots_on_target,home_shots,away_shots,home_touches,away_touches,home_passes,away_passes,home_tackles,away_tackles,home_clearances,away_clearances,home_corners,away_corners,home_offsides,away_offsides,home_yellow_cards,away_yellow_cards,home_red_cards,away_red_cards,home_fouls_conceded,away_fouls_conceded
0,38308,8/12/2018,Arsenal,Man City,0,2,42,58,3,8,9,17,593,734,401,555,22,6,23,9,2,9,7,2,2,2,,,11,14
1,38309,8/11/2018,Bournemouth,Cardiff,2,0,62.9,37.1,4,1,12,10,711,483,502,287,11,22,37,30,7,4,0,2,1,1,,,11,9
2,38310,8/11/2018,Fulham,Crystal Palace,0,2,66.3,33.7,6,10,15,12,893,564,672,347,25,21,22,30,5,5,2,3,1,2,,,9,11
3,38311,8/11/2018,Huddersfield,Chelsea,0,3,37.2,62.8,1,4,6,13,550,856,372,658,25,12,13,21,2,5,2,1,2,1,,,9,8
4,38312,8/12/2018,Liverpool,West Ham,4,0,64.8,35.2,8,2,18,5,843,551,673,360,19,23,8,20,5,4,5,3,1,2,,,14,9
5,38313,8/10/2018,Man Utd,Leicester,2,1,46.3,53.7,6,4,8,13,697,744,485,543,26,14,37,14,2,5,4,2,2,1,,,11,8
6,38314,8/11/2018,Newcastle,Spurs,1,2,40.4,59.6,2,5,15,15,622,809,387,573,15,27,17,43,3,5,1,0,2,2,,,11,12
7,38315,8/12/2018,Southampton,Burnley,0,0,47.7,52.3,3,6,18,16,558,591,369,408,16,9,31,35,8,5,2,5,0,1,,,10,9
8,38316,8/11/2018,Watford,Brighton,2,0,53.2,46.8,5,0,19,6,614,578,437,385,17,17,11,26,8,2,0,3,2,2,,,10,16
9,38317,8/11/2018,Wolves,Everton,2,2,57.4,42.6,4,5,11,8,748,589,547,409,13,23,23,28,3,6,2,3,0,1,0,1,8,7
10,38318,8/19/2018,Brighton,Man Utd,3,2,33.4,66.6,3,3,6,9,458,771,283,572,28,12,16,18,3,5,2,2,1,1,,,16,13
11,38319,8/19/2018,Burnley,Watford,1,3,58.4,41.6,3,6,8,9,654,531,461,345,15,18,21,29,5,2,2,4,1,2,,,8,19
12,38320,8/18/2018,Cardiff,Newcastle,0,0,51.3,48.7,1,6,12,12,533,503,314,305,22,12,41,25,5,5,2,0,2,2,0,1,14,16
13,38321,8/18/2018,Chelsea,Arsenal,3,2,62.3,37.7,11,6,24,15,889,606,720,429,16,14,11,22,5,1,3,3,0,2,,,12,9
14,38322,8/20/2018,Crystal Palace,Liverpool,0,2,36.8,63.2,2,6,8,16,551,819,359,625,14,22,25,17,6,7,2,2,1,1,1,0,6,13
15,38323,8/18/2018,Everton,Southampton,2,1,58,42,7,4,13,15,617,485,423,299,18,11,18,23,2,5,2,3,0,5,,,8,20
16,38324,8/18/2018,Leicester,Wolves,2,0,42.8,57.2,2,3,6,11,610,698,382,500,24,18,33,15,1,9,0,1,2,1,1,0,10,8
17,38325,8/19/2018,Man City,Huddersfield,6,1,76.9,23.1,14,1,32,5,959,378,760,224,5,16,24,29,10,3,1,1,0,2,,,9,4
18,38326,8/18/2018,Spurs,Fulham,3,1,59.6,40.4,11,3,25,10,803,615,629,435,12,13,8,39,5,2,1,3,,,,,9,5
19,38327,8/18/2018,West Ham,Bournemouth,1,2,61,39,5,5,11,12,671,515,494,321,21,11,18,31,6,4,1,0,6,2,,,14,10
20,38328,8/25/2018,Arsenal,West Ham,3,1,61.5,38.5,10,5,17,13,734,557,544,341,15,14,26,24,7,2,3,3,1,3,,,16,13
21,38329,8/25/2018,Bournemouth,Everton,2,2,49.9,50.1,5,3,17,11,570,589,382,389,18,21,13,30,6,2,5,0,0,3,1,1,12,10
22,38330,8/26/2018,Fulham,Burnley,4,2,63.8,36.2,12,2,25,12,735,492,572,301,9,21,25,20,6,4,1,5,2,1,,,11,8
23,38331,8/25/2018,Huddersfield,Cardiff,0,0,58,42,1,4,5,14,579,487,396,289,14,19,24,30,7,7,1,1,0,1,1,0,8,10
24,38332,8/25/2018,Liverpool,Brighton,1,0,70,30,8,2,22,6,963,537,765,327,21,21,12,33,8,5,1,3,1,1,,,8,14
25,38333,8/27/2018,Man Utd,Spurs,0,3,57,43,5,5,23,9,699,577,488,382,11,23,14,26,5,2,2,1,2,3,,,11,16
26,38334,8/26/2018,Newcastle,Chelsea,1,2,18.9,81.1,2,3,6,15,402,1099,200,913,21,17,36,20,4,5,2,2,3,1,,,16,8
27,38335,8/25/2018,Southampton,Leicester,1,2,51.7,48.3,5,5,11,8,632,608,447,425,18,14,13,37,10,3,1,0,1,1,1,0,13,11
28,38336,8/26/2018,Watford,Crystal Palace,2,1,43.7,56.3,5,3,13,9,528,645,331,436,26,19,16,28,6,3,1,3,4,2,,,14,11
29,38337,8/25/2018,Wolves,Man City,1,1,28.9,71.1,2,6,11,18,433,844,260,644,19,9,35,11,5,9,4,3,1,2,,,13,8
30,38338,9/1/2018,Brighton,Fulham,2,2,41.5,58.5,5,5,15,10,560,739,370,551,17,14,8,26,7,1,2,4,3,3,,,12,14
31,38339,9/2/2018,Burnley,Man Utd,0,2,46.6,53.4,2,9,9,21,599,682,437,513,12,6,28,32,2,5,1,1,2,3,0,1,7,13
32,38340,9/2/2018,Cardiff,Arsenal,2,3,27.7,72.3,3,11,14,17,415,814,234,635,12,11,32,21,3,9,3,1,3,4,,,12,14
33,38341,9/1/2018,Chelsea,Bournemouth,2,0,72.6,27.4,6,1,24,8,889,459,704,252,12,14,23,35,7,6,2,1,2,2,,,10,7
34,38342,9/1/2018,Crystal Palace,Southampton,0,2,50.7,49.3,6,6,20,19,662,646,432,423,16,19,26,34,7,4,0,1,1,1,,,11,12
35,38343,9/1/2018,Everton,Huddersfield,1,1,57.6,42.4,1,6,11,9,669,543,464,335,15,30,32,18,4,3,1,0,3,3,,,13,14
36,38344,9/1/2018,Leicester,Liverpool,1,2,51.2,48.8,5,4,12,10,694,674,496,473,23,18,27,23,4,4,3,2,3,2,,,9,12
37,38345,9/1/2018,Man City,Newcastle,2,1,78.1,21.9,8,2,24,3,957,388,767,217,9,18,9,39,4,0,2,1,,,,,5,13
38,38346,9/2/2018,Watford,Spurs,2,1,34.4,65.6,3,2,7,11,516,756,289,532,15,23,49,19,3,10,2,2,2,1,,,9,8
39,38347,9/1/2018,West Ham,Wolves,0,1,47.7,52.3,3,6,13,15,648,698,444,495,22,25,19,19,4,4,1,0,2,1,,,10,11
40,38348,9/15/2018,Bournemouth,Leicester,4,2,46.7,53.3,5,8,10,14,552,616,360,398,12,20,25,26,4,6,1,3,3,2,0,1,13,15
41,38349,9/15/2018,Chelsea,Cardiff,4,1,76.8,23.2,7,2,18,6,919,381,766,227,10,13,17,17,5,4,,,,,,,8,10
42,38350,9/16/2018,Everton,West Ham,1,3,55.9,44.1,4,4,16,9,669,592,458,380,22,19,9,28,4,2,3,0,2,5,,,15,12
43,38351,9/15/2018,Huddersfield,Crystal Palace,0,1,58.4,41.6,2,2,15,7,672,528,494,363,17,13,9,28,5,3,5,2,1,2,,,11,17
44,38352,9/15/2018,Man City,Fulham,3,0,64.7,35.3,9,3,28,9,936,576,736,400,16,14,15,22,10,4,5,2,,,,,7,7
45,38353,9/15/2018,Newcastle,Arsenal,1,2,36.3,63.7,2,2,4,12,496,788,327,598,20,15,17,28,10,4,3,1,,,,,13,11
46,38354,9/17/2018,Southampton,Brighton,2,2,51.2,48.8,5,4,14,12,647,622,468,442,16,14,13,21,1,4,2,2,2,3,,,10,13
47,38355,9/15/2018,Spurs,Liverpool,1,2,60.4,39.6,3,10,11,17,722,534,549,356,9,17,17,21,5,4,3,2,,,,,17,16
48,38356,9/15/2018,Watford,Man Utd,1,2,42.9,57.1,5,6,14,9,579,700,387,520,25,11,28,31,6,8,2,4,2,1,0,1,9,11
49,38357,9/16/2018,Wolves,Burnley,1,0,58.9,41.1,7,2,30,7,748,571,567,395,13,17,18,22,8,2,1,1,2,4,,,10,9
50,38358,9/23/2018,Arsenal,Everton,2,0,62.5,37.5,5,6,9,10,761,552,555,315,19,20,27,28,5,9,1,2,2,1,,,17,12
51,38359,9/22/2018,Brighton,Spurs,1,2,28.6,71.4,4,7,8,16,419,822,255,658,13,16,14,15,5,7,2,0,2,1,,,15,9
52,38360,9/22/2018,Burnley,Bournemouth,4,0,37.6,62.4,5,5,12,19,551,808,360,604,15,8,31,29,3,8,1,2,2,0,,,17,6
53,38361,9/22/2018,Cardiff,Man City,0,5,21.4,78.6,2,10,2,21,360,961,218,799,16,12,24,10,1,9,2,1,1,1,,,6,4
54,38362,9/22/2018,Crystal Palace,Newcastle,0,0,61.9,38.1,4,3,16,6,719,529,481,299,29,25,15,33,9,5,2,1,1,1,,,8,11
55,38363,9/22/2018,Fulham,Watford,1,1,60.7,39.3,3,6,15,11,724,535,524,335,14,11,35,25,8,8,5,6,2,1,,,11,9
56,38364,9/22/2018,Leicester,Huddersfield,3,1,62,38,8,2,18,9,778,527,589,357,23,11,27,13,3,1,1,0,2,1,,,10,16
57,38365,9/22/2018,Liverpool,Southampton,3,0,60.6,39.4,4,1,12,7,910,651,750,479,14,21,12,35,5,4,4,1,0,2,,,7,10
58,38366,9/22/2018,Man Utd,Wolves,1,1,64.5,35.5,6,8,15,11,865,562,684,379,16,13,13,28,5,4,3,2,1,1,,,5,17
59,38367,9/23/2018,West Ham,Chelsea,0,0,28.2,71.8,1,6,6,17,500,933,297,758,22,8,44,8,1,8,2,3,2,1,,,11,9
60,38368,9/29/2018,Arsenal,Watford,2,0,63.5,36.5,2,5,9,14,740,502,542,298,10,20,35,22,6,6,1,3,2,2,,,11,17
61,38369,10/1/2018,Bournemouth,Crystal Palace,2,1,44.4,55.6,5,2,11,10,607,712,425,532,12,19,25,15,3,3,2,2,3,4,,,9,12
62,38370,9/30/2018,Cardiff,Burnley,1,2,54.3,45.7,5,2,20,3,524,496,318,287,9,12,24,66,10,2,2,1,1,3,,,11,15
63,38371,9/29/2018,Chelsea,Liverpool,1,1,47.2,52.8,4,6,10,13,731,804,558,616,13,15,23,16,4,4,2,2,0,2,,,7,9
64,38372,9/29/2018,Everton,Fulham,3,0,51.2,48.8,6,0,19,6,614,597,388,391,26,18,14,33,12,1,6,0,0,3,,,13,13
65,38373,9/29/2018,Huddersfield,Spurs,0,2,52.7,47.3,5,6,9,10,621,611,420,388,24,16,10,40,3,0,1,1,2,2,,,17,16
66,38374,9/29/2018,Man City,Brighton,2,0,80.1,19.9,8,1,28,4,1040,367,850,210,15,15,7,34,10,3,0,2,0,3,,,4,10
67,38375,9/29/2018,Newcastle,Leicester,0,2,41.5,58.5,1,5,6,12,572,740,376,525,24,22,30,12,5,9,1,0,,,,,11,5
68,38376,9/29/2018,West Ham,Man Utd,3,1,49,51,3,4,8,9,626,658,455,457,25,9,26,16,4,9,2,4,0,1,,,12,12
69,38377,9/29/2018,Wolves,Southampton,2,0,48.8,51.2,6,6,14,17,639,640,425,444,19,32,24,16,8,6,0,2,3,1,,,11,7
70,38378,10/5/2018,Brighton,West Ham,1,0,35.4,64.6,4,4,9,17,469,694,282,514,17,12,28,17,2,9,5,1,3,2,,,12,8
71,38379,10/6/2018,Burnley,Huddersfield,1,1,31.8,68.2,3,2,6,18,473,771,275,580,17,10,42,7,1,10,3,0,2,2,,,9,11
72,38380,10/6/2018,Crystal Palace,Wolves,0,1,67.1,32.9,4,2,11,7,835,502,641,314,17,20,17,24,6,3,1,1,3,4,,,11,13
73,38381,10/7/2018,Fulham,Arsenal,1,5,48.9,51.1,4,7,21,9,667,699,473,504,16,21,21,19,4,2,4,1,2,0,,,11,12
74,38382,10/6/2018,Leicester,Everton,1,2,51.3,48.7,2,8,8,17,655,616,461,423,13,11,33,16,2,10,5,0,2,1,1,0,10,11
75,38383,10/7/2018,Liverpool,Man City,0,0,49.4,50.6,2,2,7,6,675,708,515,528,17,16,18,25,2,6,2,5,1,3,,,10,10
76,38384,10/6/2018,Man Utd,Newcastle,3,2,73,27,10,8,18,13,836,458,610,222,11,18,19,52,10,6,1,0,2,2,,,16,8
77,38385,10/7/2018,Southampton,Chelsea,0,3,34.7,65.3,6,6,15,21,550,841,346,651,21,13,36,18,4,12,,,6,0,,,13,11
78,38386,10/6/2018,Spurs,Cardiff,1,0,75.5,24.5,7,6,19,8,910,415,685,222,18,16,24,37,6,2,0,3,3,1,0,1,7,11
79,38387,10/6/2018,Watford,Bournemouth,0,4,47.2,52.8,2,7,14,10,537,624,374,426,18,9,12,37,10,7,1,2,3,1,1,0,11,9
80,38388,10/22/2018,Arsenal,Leicester,3,1,69.1,30.9,6,2,19,8,893,505,703,309,20,14,12,18,6,4,2,1,2,2,,,10,10
81,38389,10/20/2018,Bournemouth,Southampton,0,0,57.3,42.7,2,4,9,8,663,527,458,346,9,18,30,29,6,4,0,4,1,2,,,11,14
82,38390,10/20/2018,Cardiff,Fulham,4,2,40.5,59.5,5,4,22,9,515,663,313,479,12,16,21,32,4,4,,,3,3,,,15,16
83,38391,10/20/2018,Chelsea,Man Utd,2,2,62.3,37.7,6,4,21,7,817,547,611,371,12,21,23,29,5,3,2,1,2,5,,,9,17
84,38392,10/21/2018,Everton,Crystal Palace,2,0,59.8,40.2,4,3,20,7,731,551,510,350,21,23,18,22,10,5,1,0,2,1,,,13,17
85,38393,10/20/2018,Huddersfield,Liverpool,0,1,47.8,52.2,1,2,13,11,726,791,521,585,20,14,21,32,2,4,3,2,0,2,,,9,6
86,38394,10/20/2018,Man City,Burnley,5,0,69.1,30.9,10,0,24,5,825,451,679,302,15,12,10,19,10,1,,,2,2,,,11,5
87,38395,10/20/2018,Newcastle,Brighton,0,1,68,32,6,2,27,8,745,476,504,247,17,19,15,49,10,2,1,1,0,2,,,13,17
88,38396,10/20/2018,West Ham,Spurs,0,1,44,56,4,2,13,10,594,705,377,506,31,13,14,25,10,6,3,2,3,0,,,8,10
89,38397,10/20/2018,Wolves,Watford,0,2,44.8,55.2,1,3,10,9,586,749,420,550,22,17,13,29,8,2,2,1,3,1,,,23,13
90,38398,10/27/2018,Brighton,Wolves,1,0,39.9,60.1,1,7,7,25,549,737,362,523,19,11,33,10,1,10,0,1,3,0,,,11,8
91,38399,10/28/2018,Burnley,Chelsea,0,4,30.2,69.8,1,8,7,24,490,960,325,796,13,9,14,23,4,4,5,0,4,2,,,14,10
92,38400,10/28/2018,Crystal Palace,Arsenal,2,2,42.2,57.8,3,2,16,7,613,760,399,555,22,25,9,33,6,4,2,0,1,2,,,10,16
93,38401,10/27/2018,Fulham,Bournemouth,0,3,52,48,1,5,11,12,704,683,547,495,10,7,34,24,5,5,1,1,2,1,1,0,16,3
94,38402,10/27/2018,Leicester,West Ham,1,1,64.2,35.8,7,3,21,11,769,555,552,327,16,21,6,47,8,0,7,1,1,1,0,1,17,5
95,38403,10/27/2018,Liverpool,Cardiff,4,1,79.6,20.4,7,1,19,2,1004,390,818,207,12,14,11,41,8,0,0,4,,,,,6,4
96,38404,10/28/2018,Man Utd,Everton,2,1,53.7,46.3,10,6,14,14,654,627,486,413,15,16,10,24,8,4,7,0,2,1,,,15,12
97,38405,10/27/2018,Southampton,Newcastle,0,0,50.2,49.8,4,0,22,6,631,626,405,414,13,16,23,48,7,2,1,3,0,1,,,9,12
98,38406,10/29/2018,Spurs,Man City,0,1,48,52,1,6,4,13,651,693,476,514,17,12,20,22,3,6,4,4,2,2,,,13,13
99,38407,10/27/2018,Watford,Huddersfield,3,0,48.1,51.9,6,7,12,13,680,710,467,498,19,26,23,13,3,3,3,3,1,2,,,9,13
100,38408,11/3/2018,Arsenal,Liverpool,1,1,61.8,38.2,4,4,12,13,785,562,586,356,20,13,28,29,5,8,7,1,1,1,,,7,7
101,38409,11/3/2018,Bournemouth,Man Utd,1,2,48.7,51.3,7,8,18,18,614,648,412,447,20,17,34,29,9,5,0,5,4,3,,,12,12
102,38410,11/3/2018,Cardiff,Leicester,0,1,40.1,59.9,2,5,11,13,465,616,271,403,13,11,27,38,6,12,4,3,2,2,,,13,12
103,38411,11/4/2018,Chelsea,Crystal Palace,3,1,73.7,26.3,6,2,15,7,1061,492,883,313,21,21,11,16,4,2,6,1,0,1,,,6,13
104,38412,11/3/2018,Everton,Brighton,3,1,61.5,38.5,3,3,14,5,707,503,491,315,18,16,15,30,6,4,2,2,0,1,,,9,17
105,38413,11/5/2018,Huddersfield,Fulham,1,0,45.1,54.9,2,1,10,8,598,714,387,490,25,17,10,17,5,4,3,6,1,2,,,11,8
106,38414,11/4/2018,Man City,Southampton,6,1,67.3,32.7,8,6,18,13,914,523,729,341,12,19,17,19,4,4,1,1,1,1,,,14,9
107,38415,11/3/2018,Newcastle,Watford,1,0,41.9,58.1,2,1,10,16,534,665,326,452,20,8,29,35,8,9,4,2,1,5,,,12,11
108,38416,11/3/2018,West Ham,Burnley,4,2,62.8,37.2,10,3,22,6,732,495,527,312,14,19,25,34,10,4,2,2,1,4,,,7,9
109,38417,11/3/2018,Wolves,Spurs,2,3,48.6,51.4,7,8,16,10,657,688,458,505,22,21,7,23,5,1,5,3,1,2,,,11,8
110,38418,11/11/2018,Arsenal,Wolves,1,1,71.7,28.3,3,5,10,13,919,494,734,292,12,19,4,26,11,2,1,2,2,2,,,9,16
111,38419,11/10/2018,Cardiff,Brighton,2,1,60.6,39.4,6,3,20,7,650,477,472,315,12,14,7,36,4,1,,,2,1,0,1,7,21
112,38420,11/11/2018,Chelsea,Everton,0,0,68.7,31.3,4,1,15,6,876,485,688,309,19,21,13,21,5,5,5,7,4,3,,,7,11
113,38421,11/10/2018,Crystal Palace,Spurs,0,1,35.4,64.6,5,2,11,11,524,801,306,581,20,18,25,32,10,6,4,1,1,1,,,12,9
114,38422,11/10/2018,Huddersfield,West Ham,1,1,43.9,56.1,7,5,15,12,554,662,354,448,18,18,26,22,5,6,7,3,1,1,,,9,8
115,38423,11/10/2018,Leicester,Burnley,0,0,63,37,5,1,22,6,690,488,479,298,13,9,17,36,12,1,1,2,2,0,,,13,10
116,38424,11/11/2018,Liverpool,Fulham,2,0,73,27,7,3,21,8,914,476,725,263,18,15,13,32,6,3,2,5,1,1,,,11,9
117,38425,11/11/2018,Man City,Man Utd,3,1,64.9,35.1,5,1,17,6,888,557,700,380,13,18,14,29,5,1,,,1,1,,,12,12
118,38426,11/10/2018,Newcastle,Bournemouth,2,1,39.3,60.7,6,4,18,14,553,738,323,505,18,18,33,40,7,10,2,2,2,1,,,9,11
119,38427,11/10/2018,Southampton,Watford,1,1,42.3,57.7,4,6,14,12,527,599,305,420,17,11,37,16,7,6,4,4,3,2,,,13,13
120,38428,11/25/2018,Bournemouth,Arsenal,1,2,41.3,58.7,5,4,11,20,612,775,394,574,14,20,30,20,5,8,4,2,2,1,,,6,9
121,38429,11/24/2018,Brighton,Leicester,1,1,54.6,45.4,3,3,14,8,628,579,431,369,19,17,11,20,6,1,5,1,3,1,0,1,10,7
122,38430,11/26/2018,Burnley,Newcastle,1,2,56.5,43.5,4,3,14,17,783,648,585,450,15,12,21,45,5,5,1,1,0,1,,,6,11
123,38431,11/24/2018,Everton,Cardiff,1,0,70.7,29.3,8,1,16,7,736,411,517,220,12,16,23,35,7,3,0,1,0,3,,,12,13
124,38432,11/24/2018,Fulham,Southampton,3,2,37.2,62.8,5,8,10,19,578,819,370,600,20,19,43,11,2,5,4,1,2,3,,,10,6
125,38433,11/24/2018,Man Utd,Crystal Palace,0,0,59.8,40.2,5,2,12,13,713,567,509,351,23,13,17,39,10,3,2,3,1,2,,,13,12
126,38434,11/24/2018,Spurs,Chelsea,3,1,39.9,60.1,9,2,18,13,556,760,369,549,12,15,22,8,4,4,3,5,0,3,,,19,12
127,38435,11/24/2018,Watford,Liverpool,0,3,36.3,63.7,1,7,5,10,533,821,360,637,14,13,25,22,5,5,4,4,0,1,0,1,12,13
128,38436,11/24/2018,West Ham,Man City,0,4,30.7,69.3,1,6,9,9,517,1007,359,839,21,13,11,14,8,1,2,3,,,,,6,3
129,38437,11/25/2018,Wolves,Huddersfield,0,2,44.8,55.2,3,6,12,14,662,756,443,547,21,28,18,19,3,5,1,1,1,2,,,9,8
130,38438,12/2/2018,Arsenal,Spurs,4,2,59.3,40.7,7,6,22,11,707,530,477,331,27,21,20,17,8,5,5,2,3,3,0,1,15,17
131,38439,11/30/2018,Cardiff,Wolves,2,1,47.9,52.1,3,4,17,15,543,579,312,345,26,21,21,48,7,6,2,0,1,2,,,3,12
132,38440,12/2/2018,Chelsea,Fulham,2,0,66,34,9,4,16,9,922,555,725,360,18,23,17,18,4,6,0,1,2,1,,,8,17
133,38441,12/1/2018,Crystal Palace,Burnley,2,0,58.6,41.4,9,0,29,4,716,563,518,357,9,18,19,33,10,2,1,2,1,1,,,9,10
134,38442,12/1/2018,Huddersfield,Brighton,1,2,32.1,67.9,2,6,7,14,434,758,265,568,13,15,18,29,2,6,1,4,0,2,1,0,10,12
135,38443,12/1/2018,Leicester,Watford,2,0,37.7,62.3,3,0,7,8,512,707,303,496,27,14,48,16,4,8,1,1,2,1,0,1,7,6
136,38444,12/2/2018,Liverpool,Everton,1,0,57.6,42.4,3,3,16,9,716,589,521,388,21,16,17,42,8,1,1,3,3,2,,,12,7
137,38445,12/1/2018,Man City,Bournemouth,3,1,73.1,26.9,6,1,16,4,951,440,786,286,14,6,21,36,8,4,2,3,,,,,9,3
138,38446,12/1/2018,Newcastle,West Ham,0,3,58.7,41.3,4,4,16,7,709,550,492,358,11,26,12,39,7,3,3,3,3,3,,,10,10
139,38447,12/1/2018,Southampton,Man Utd,2,2,40.3,59.7,6,5,16,11,560,732,358,520,20,24,23,15,3,5,0,2,4,4,,,12,13
140,38448,12/4/2018,Bournemouth,Huddersfield,2,1,32.8,67.2,2,6,6,23,543,825,304,608,14,22,55,8,4,8,3,0,4,2,,,14,11
141,38449,12/4/2018,Brighton,Crystal Palace,3,1,31.5,68.5,3,5,9,18,488,809,269,591,30,17,33,13,4,5,,,2,3,1,0,14,12
142,38450,12/5/2018,Burnley,Liverpool,1,3,25.8,74.2,6,12,10,18,405,857,228,681,13,5,22,15,5,9,6,3,1,0,,,10,3
143,38451,12/5/2018,Fulham,Leicester,1,1,45.5,54.5,7,5,25,13,533,591,315,385,7,14,13,25,10,8,2,2,,,,,12,7
144,38452,12/5/2018,Man Utd,Arsenal,2,2,44.8,55.2,7,4,10,9,628,726,447,545,15,12,18,21,4,4,2,3,3,3,,,13,10
145,38453,12/4/2018,Watford,Man City,1,2,29.9,70.1,7,7,11,15,491,904,308,714,18,16,35,28,3,11,4,6,0,1,,,4,8
146,38454,12/4/2018,West Ham,Cardiff,3,1,61,39,11,5,17,9,654,491,461,295,12,14,11,20,10,4,2,5,1,2,,,10,10
147,38455,12/5/2018,Wolves,Chelsea,2,1,29.9,70.1,2,3,6,17,463,875,284,678,16,14,18,18,1,5,2,0,4,4,,,18,10
148,38456,12/5/2018,Everton,Newcastle,1,1,76.3,23.7,3,5,19,8,884,446,646,204,14,25,8,63,14,2,0,2,0,5,,,7,18
149,38457,12/5/2018,Spurs,Southampton,3,1,52.1,47.9,8,5,13,18,705,660,527,473,9,15,29,21,8,6,4,2,,,,,7,5
150,38458,12/8/2018,Arsenal,Huddersfield,1,0,61.9,38.1,2,0,14,6,716,501,525,323,17,16,14,22,7,1,2,0,5,4,,,13,20
151,38459,12/8/2018,Bournemouth,Liverpool,0,4,40.5,59.5,2,4,8,10,614,816,424,634,14,13,16,18,6,6,3,2,2,1,,,9,11
152,38460,12/8/2018,Burnley,Brighton,1,0,37.4,62.6,4,1,14,14,491,704,307,515,12,11,21,20,2,7,2,1,2,0,,,11,11
153,38461,12/8/2018,Cardiff,Southampton,1,0,36.2,63.8,4,1,13,12,461,650,248,448,13,17,28,34,7,7,4,0,2,2,,,9,10
154,38462,12/8/2018,Chelsea,Man City,2,0,38.7,61.3,5,4,8,14,616,844,410,640,28,19,31,11,1,13,1,2,2,0,,,12,11
155,38463,12/10/2018,Everton,Watford,2,2,56.6,43.4,5,3,12,15,649,542,412,321,22,25,29,27,6,6,4,4,1,1,,,13,13
156,38464,12/8/2018,Leicester,Spurs,0,2,42.2,57.8,3,2,11,7,629,768,410,578,20,23,18,29,6,5,3,1,3,1,,,12,7
157,38465,12/8/2018,Man Utd,Fulham,4,1,62.7,37.3,11,4,20,10,834,572,625,376,15,18,15,26,10,3,4,3,1,1,0,1,11,15
158,38466,12/9/2018,Newcastle,Wolves,1,2,50.4,49.6,4,6,12,13,608,615,425,425,13,13,23,30,4,6,0,2,2,5,1,0,10,17
159,38467,12/8/2018,West Ham,Crystal Palace,3,2,48.3,51.7,6,4,13,8,642,656,430,474,19,19,20,21,5,3,2,0,1,2,,,10,8
160,38468,12/16/2018,Brighton,Chelsea,1,2,41.7,58.3,2,3,6,10,639,833,455,654,24,15,14,11,4,1,5,4,2,2,,,14,6
161,38469,12/15/2018,Crystal Palace,Leicester,1,0,43.3,56.7,1,2,8,12,618,717,384,495,27,24,31,9,4,4,6,3,2,1,,,10,8
162,38470,12/15/2018,Fulham,West Ham,0,2,56,44,4,3,16,6,700,603,498,391,16,22,19,36,6,4,6,2,2,1,,,14,10
163,38471,12/15/2018,Huddersfield,Newcastle,0,1,73.5,26.5,5,5,15,8,859,474,624,233,19,17,13,61,10,1,2,1,1,1,,,5,13
164,38472,12/16/2018,Liverpool,Man Utd,3,1,64.5,35.5,11,2,36,6,794,544,562,321,12,27,9,41,13,2,2,3,0,2,,,6,14
165,38473,12/15/2018,Man City,Everton,3,1,67,33,5,2,13,9,861,516,705,335,15,11,14,19,6,2,3,2,1,2,,,7,9
166,38474,12/16/2018,Southampton,Arsenal,3,2,33.8,66.2,7,4,12,13,519,845,317,629,20,15,20,14,4,5,2,2,3,1,,,12,10
167,38475,12/15/2018,Spurs,Burnley,1,0,70.3,29.7,3,0,15,4,802,437,623,264,7,23,10,34,8,3,2,1,0,2,,,7,8
168,38476,12/15/2018,Watford,Cardiff,3,2,71.5,28.5,8,3,17,10,845,438,663,255,13,17,14,26,5,0,2,1,,,,,7,5
169,38477,12/15/2018,Wolves,Bournemouth,2,0,37.8,62.2,4,3,10,13,561,831,389,633,21,8,25,18,5,3,4,0,1,2,,,15,7
170,38478,12/22/2018,Arsenal,Burnley,3,1,60.1,39.9,6,2,11,7,726,515,553,357,17,17,18,12,1,3,2,4,2,5,,,10,14
171,38479,12/22/2018,Bournemouth,Brighton,2,0,57.2,42.8,3,5,14,10,727,578,541,392,11,19,15,19,6,5,3,2,2,0,0,1,8,18
172,38480,12/22/2018,Cardiff,Man Utd,1,5,25.7,74.3,3,9,9,17,385,801,209,640,17,17,15,14,4,7,3,0,2,1,,,13,13
173,38481,12/22/2018,Chelsea,Leicester,0,1,72.1,27.9,5,3,17,8,914,499,693,262,18,23,13,37,9,5,3,2,0,2,,,10,9
174,38482,12/23/2018,Everton,Spurs,2,6,41.5,58.5,3,8,10,17,581,791,412,605,11,14,9,29,2,1,4,2,0,2,,,13,9
175,38483,12/22/2018,Huddersfield,Southampton,1,3,62.3,37.7,5,6,16,13,710,554,523,329,16,12,14,46,8,2,3,1,2,3,,,12,9
176,38484,12/22/2018,Man City,Crystal Palace,2,3,78.3,21.7,5,3,19,5,940,404,733,213,17,23,3,46,13,0,2,1,0,4,,,7,6
177,38485,12/22/2018,Newcastle,Fulham,0,0,53.5,46.5,0,2,9,4,700,653,499,463,22,9,10,40,6,0,2,4,1,2,,,9,12
178,38486,12/22/2018,West Ham,Watford,0,2,51.6,48.4,7,5,18,11,648,617,381,380,19,25,26,38,10,4,4,2,3,2,,,9,11
179,38487,12/21/2018,Wolves,Liverpool,0,2,38.3,61.7,5,6,11,15,627,888,420,675,26,16,15,18,1,10,4,2,,,,,7,3
180,38488,12/26/2018,Brighton,Arsenal,1,1,32,68,3,4,12,7,480,869,324,711,19,7,22,12,4,9,1,1,2,1,,,10,4
181,38489,12/26/2018,Burnley,Everton,1,5,49,51,4,6,11,13,579,615,401,417,17,10,20,31,5,7,2,2,2,4,,,11,19
182,38490,12/26/2018,Crystal Palace,Cardiff,0,0,62.4,37.6,5,4,31,9,735,507,487,303,10,20,13,47,12,1,0,3,0,3,,,9,11
183,38491,12/26/2018,Fulham,Wolves,1,1,29.8,70.2,5,5,11,14,493,878,286,685,15,23,28,4,2,0,0,2,2,1,,,9,6
184,38492,12/26/2018,Leicester,Man City,2,1,33.9,66.1,5,4,10,11,522,817,320,613,22,18,47,13,3,7,1,3,2,2,0,1,5,8
185,38493,12/26/2018,Liverpool,Newcastle,4,0,75,25,8,2,16,6,904,432,723,233,8,15,13,42,10,2,1,1,,,,,7,10
186,38494,12/26/2018,Man Utd,Huddersfield,3,1,64.7,35.3,10,2,16,10,838,547,634,335,14,27,14,22,5,3,1,4,1,1,,,9,13
187,38495,12/27/2018,Southampton,West Ham,1,2,45.8,54.2,5,5,11,16,640,744,409,487,25,20,31,20,4,6,4,2,2,0,,,10,3
188,38496,12/26/2018,Spurs,Bournemouth,5,0,56.7,43.3,7,4,10,14,768,602,599,449,12,16,16,6,3,4,1,3,2,1,,,5,8
189,38497,12/26/2018,Watford,Chelsea,1,2,35,65,2,4,11,10,552,906,392,729,18,12,12,13,3,4,0,2,1,0,,,15,5
190,38498,12/29/2018,Brighton,Everton,1,0,44.8,55.2,3,4,11,13,587,650,349,427,23,16,36,19,6,6,2,1,0,2,,,10,11
191,38499,12/30/2018,Burnley,West Ham,2,0,43,57,5,4,17,11,559,650,338,453,21,16,33,18,5,5,4,1,1,4,,,15,11
192,38500,12/30/2018,Crystal Palace,Chelsea,0,1,34.2,65.8,0,4,4,12,579,950,394,781,13,13,24,17,3,4,3,3,0,1,,,11,8
193,38501,12/29/2018,Fulham,Huddersfield,1,0,43.5,56.5,5,5,14,9,585,702,395,529,8,9,26,18,4,3,3,2,3,1,,,12,10
194,38502,12/29/2018,Leicester,Cardiff,0,1,62.2,37.8,7,3,16,12,671,488,448,273,19,15,27,34,10,4,0,1,0,2,,,14,16
195,38503,12/29/2018,Liverpool,Arsenal,5,1,47.9,52.1,10,2,15,8,683,717,511,551,17,17,15,14,5,3,2,5,1,2,,,8,13
196,38504,12/30/2018,Man Utd,Bournemouth,4,1,64.9,35.1,8,3,11,7,854,513,681,355,12,8,20,19,4,5,6,0,2,0,1,0,10,7
197,38505,12/30/2018,Southampton,Man City,1,3,23.4,76.6,4,6,5,14,413,971,235,783,25,12,33,19,3,8,0,2,2,3,1,0,11,10
198,38506,12/29/2018,Spurs,Wolves,1,3,60.8,39.2,3,4,10,11,840,600,664,413,18,18,18,14,6,7,0,4,3,2,,,7,7
199,38507,12/29/2018,Watford,Newcastle,1,1,62.7,37.3,5,2,12,8,787,532,566,326,7,22,28,34,3,6,1,4,1,2,,,17,16
200,38508,1/1/2019,Arsenal,Fulham,4,1,59.6,40.4,9,4,16,9,743,568,542,365,15,18,16,33,8,3,4,4,0,1,,,7,12
201,38509,1/2/2019,Bournemouth,Watford,3,3,57,43,12,3,25,11,682,550,491,379,15,17,16,23,4,2,2,2,1,4,,,9,15
202,38510,1/1/2019,Cardiff,Spurs,0,3,26.9,73.1,3,4,5,13,438,984,290,823,14,9,14,24,5,3,6,2,1,0,,,6,6
203,38511,1/2/2019,Chelsea,Southampton,0,0,71.6,28.4,6,2,17,6,984,535,748,296,18,20,20,42,7,2,5,3,1,2,,,8,11
204,38512,1/1/2019,Everton,Leicester,0,1,59.6,40.4,2,4,17,8,750,611,525,366,18,26,13,34,6,5,1,2,3,1,,,5,8
205,38513,1/2/2019,Huddersfield,Burnley,1,2,42.9,57.1,2,8,9,16,540,698,361,483,18,10,20,31,5,2,0,2,0,4,1,1,11,9
206,38514,1/3/2019,Man City,Liverpool,2,1,49.6,50.4,4,5,9,7,762,766,578,583,14,18,31,21,2,1,2,1,4,2,,,12,7
207,38515,1/2/2019,Newcastle,Man Utd,0,2,34.9,65.1,3,7,14,16,561,884,350,687,28,15,13,22,1,2,,,1,2,,,10,9
208,38516,1/2/2019,West Ham,Brighton,2,2,54.3,45.7,6,6,13,13,684,587,494,410,10,17,10,16,1,5,0,4,0,1,,,9,11
209,38517,1/2/2019,Wolves,Crystal Palace,0,2,51.9,48.1,1,4,9,17,730,698,527,480,26,19,40,9,3,10,1,0,4,1,,,9,7
210,38518,1/12/2019,Brighton,Liverpool,0,1,29.1,70.9,0,3,7,10,458,904,301,755,12,10,17,14,2,7,5,0,,,,,15,5
211,38519,1/12/2019,Burnley,Fulham,2,1,41.8,58.2,1,4,11,12,609,785,419,564,22,10,28,23,2,6,2,0,1,2,,,5,9
212,38520,1/12/2019,Cardiff,Huddersfield,0,0,38.9,61.1,0,2,3,14,469,636,270,425,13,13,26,25,3,10,3,3,3,1,,,12,14
213,38521,1/12/2019,Chelsea,Newcastle,2,1,65.9,34.1,6,2,10,9,893,556,698,351,18,22,15,20,8,5,5,1,1,1,,,6,13
214,38522,1/12/2019,Crystal Palace,Watford,1,2,55.3,44.7,6,2,15,16,629,577,409,334,31,15,25,38,7,7,3,2,1,4,,,11,11
215,38523,1/13/2019,Everton,Bournemouth,2,0,50.9,49.1,3,7,15,16,631,594,396,378,19,14,30,21,5,9,1,1,5,0,,,17,8
216,38524,1/12/2019,Leicester,Southampton,1,2,71.7,28.3,6,3,23,8,790,457,552,227,10,17,6,59,10,3,4,4,2,1,0,1,7,9
217,38525,1/14/2019,Man City,Wolves,3,0,76.1,23.9,9,0,24,3,1054,438,872,283,10,18,6,31,12,1,3,1,1,0,0,1,6,3
218,38526,1/13/2019,Spurs,Man Utd,0,1,61.2,38.8,11,8,21,13,768,556,567,363,19,15,18,25,7,4,4,1,1,2,,,8,8
219,38527,1/12/2019,West Ham,Arsenal,1,0,41.4,58.6,3,2,11,11,549,714,380,555,11,16,11,11,7,3,5,3,0,2,,,7,10
220,38528,1/19/2019,Arsenal,Chelsea,2,0,35.7,64.3,5,1,13,13,585,867,355,647,35,13,39,9,5,6,1,0,0,2,,,13,15
221,38529,1/19/2019,Bournemouth,West Ham,2,0,38.5,61.5,4,1,10,9,559,777,359,582,24,13,27,16,2,3,4,3,0,1,,,6,10
222,38530,1/20/2019,Fulham,Spurs,1,2,26.8,73.2,4,5,12,14,458,885,245,682,13,13,37,17,7,10,7,1,2,3,,,10,8
223,38531,1/20/2019,Huddersfield,Man City,0,3,32.4,67.6,2,4,5,12,516,916,345,734,22,13,21,12,1,4,2,2,2,2,,,10,9
224,38532,1/19/2019,Liverpool,Crystal Palace,4,3,70.6,29.4,9,3,19,9,934,511,734,304,19,23,16,37,8,3,1,3,0,1,1,0,6,8
225,38533,1/19/2019,Man Utd,Brighton,2,1,56,44,5,3,20,7,688,581,507,391,12,17,17,18,6,5,1,2,1,0,,,11,11
226,38534,1/19/2019,Newcastle,Cardiff,3,0,53.5,46.5,6,1,16,9,611,539,375,325,17,25,29,17,7,10,1,0,0,1,,,11,6
227,38535,1/19/2019,Southampton,Everton,2,1,39.4,60.6,4,2,11,7,544,694,302,473,20,21,41,14,7,6,3,2,2,1,,,12,11
228,38536,1/19/2019,Watford,Burnley,0,0,54.8,45.2,4,3,9,12,605,517,412,330,17,12,35,18,1,7,2,8,1,2,,,14,9
229,38537,1/19/2019,Wolves,Leicester,4,3,45.6,54.4,7,6,12,16,589,667,381,447,20,14,30,19,5,9,1,0,3,3,,,11,10
230,38538,1/29/2019,Arsenal,Cardiff,2,1,70.9,29.1,4,2,15,19,785,430,590,232,13,16,25,25,4,7,0,1,3,3,,,14,12
231,38539,1/30/2019,Bournemouth,Chelsea,4,0,32.1,67.9,7,7,12,11,521,901,338,716,10,13,42,7,3,7,1,6,1,0,,,8,6
232,38540,1/29/2019,Fulham,Brighton,4,2,61.9,38.1,8,6,24,15,848,603,623,382,6,14,27,31,10,1,1,1,2,3,,,10,5
233,38541,1/29/2019,Huddersfield,Everton,0,1,58.4,41.6,2,5,10,10,753,598,548,400,17,25,8,25,3,4,,,1,4,0,1,13,10
234,38542,1/29/2019,Man Utd,Burnley,2,2,74.4,25.6,9,4,28,6,842,428,650,228,3,13,16,54,11,3,2,4,1,3,,,10,9
235,38543,1/29/2019,Wolves,West Ham,3,0,54.7,45.3,9,0,20,4,671,591,477,400,24,15,13,23,5,1,2,0,4,1,,,8,10
236,38544,1/30/2019,Liverpool,Leicester,1,1,72.1,27.9,3,2,10,5,992,506,779,301,15,19,15,48,7,1,4,3,1,3,,,13,6
237,38545,1/29/2019,Newcastle,Man City,2,1,23.8,76.2,2,4,7,12,422,958,239,767,20,22,28,11,1,8,2,5,2,3,,,9,7
238,38546,1/30/2019,Southampton,Crystal Palace,1,1,58.8,41.2,4,3,13,15,741,588,532,371,24,23,19,21,3,8,2,0,2,2,0,1,11,8
239,38547,1/30/2019,Spurs,Watford,2,1,68.5,31.5,3,1,17,9,803,478,588,274,16,18,18,36,9,5,1,5,0,4,,,6,9
240,38548,2/2/2019,Brighton,Watford,0,0,55.1,44.9,4,0,21,5,699,600,456,383,21,27,19,32,7,0,4,0,1,0,,,15,10
241,38549,2/2/2019,Burnley,Southampton,1,1,54.2,45.8,6,4,15,10,665,602,457,404,11,17,11,32,4,2,2,0,3,1,,,10,9
242,38550,2/2/2019,Cardiff,Bournemouth,2,0,26.9,73.1,5,2,12,9,407,819,218,615,17,13,30,20,6,7,2,0,1,2,,,17,14
243,38551,2/2/2019,Chelsea,Huddersfield,5,0,65,35,7,2,23,5,933,586,737,395,27,13,7,21,11,2,2,1,,,,,8,5
244,38552,2/2/2019,Crystal Palace,Fulham,2,0,37.3,62.7,6,0,17,8,556,806,346,608,24,15,29,27,11,1,1,1,2,3,,,9,12
245,38553,2/2/2019,Everton,Wolves,1,3,64,36,4,4,13,8,725,489,534,306,18,17,4,20,3,1,2,1,3,1,,,12,14
246,38554,2/3/2019,Leicester,Man Utd,0,1,44.8,55.2,6,6,17,10,613,736,418,532,12,16,15,22,7,2,0,1,4,4,,,14,9
247,38555,2/3/2019,Man City,Arsenal,3,1,58.8,41.2,12,2,19,4,798,598,613,432,13,9,16,26,4,2,5,0,1,1,,,11,8
248,38556,2/2/2019,Spurs,Newcastle,1,0,71.6,28.4,4,2,21,8,955,499,744,295,10,17,14,41,6,3,2,2,0,1,,,6,6
249,38557,2/4/2019,West Ham,Liverpool,1,1,26.7,73.3,2,6,13,11,455,881,245,690,18,16,27,17,2,5,1,3,1,1,,,9,11
250,38558,2/9/2019,Brighton,Burnley,1,3,68.2,31.8,6,5,16,9,729,453,519,253,11,11,7,53,9,3,1,0,1,1,,,8,7
251,38559,2/9/2019,Crystal Palace,West Ham,1,1,57.2,42.8,5,4,25,6,714,575,482,371,17,22,19,34,10,4,4,1,3,0,,,12,9
252,38560,2/9/2019,Fulham,Man Utd,0,3,51.2,48.8,3,7,15,15,712,697,503,483,19,11,19,28,5,4,2,3,3,2,,,14,9
253,38561,2/9/2019,Huddersfield,Arsenal,1,2,54.6,45.4,7,4,16,9,704,637,482,410,26,18,8,28,5,0,2,1,3,2,,,17,12
254,38562,2/9/2019,Liverpool,Bournemouth,3,0,65.6,34.4,9,2,20,12,910,576,707,363,23,13,23,28,8,5,1,2,2,2,,,14,6
255,38563,2/10/2019,Man City,Chelsea,6,0,55.8,44.2,9,4,15,12,856,688,681,535,12,22,22,11,2,2,2,1,1,2,,,9,13
256,38564,2/9/2019,Southampton,Cardiff,1,2,66.7,33.3,7,3,14,6,740,461,539,267,20,17,23,25,8,2,0,3,3,3,,,15,12
257,38565,2/10/2019,Spurs,Leicester,3,1,53.1,46.9,5,9,12,20,667,625,499,437,14,12,9,19,2,9,7,5,3,1,,,11,4
258,38566,2/9/2019,Watford,Everton,1,0,44,56,2,4,7,9,522,659,327,425,22,22,28,35,8,2,0,6,2,0,0,1,21,10
259,38567,2/11/2019,Wolves,Newcastle,1,1,59.5,40.5,6,3,22,9,822,638,623,434,15,21,13,30,13,1,1,1,1,3,,,7,9
260,38568,2/24/2019,Arsenal,Southampton,2,0,62.1,37.9,4,4,12,10,820,566,582,346,14,16,21,27,6,4,3,1,,,,,7,14
261,38569,2/23/2019,Bournemouth,Wolves,1,1,44.6,55.4,3,2,10,10,597,669,370,468,21,21,33,17,9,8,1,3,4,5,,,10,15
262,38570,2/23/2019,Burnley,Spurs,2,1,30.5,69.5,4,6,10,17,442,721,214,504,12,16,42,22,7,6,4,0,1,3,,,9,12
263,38571,2/22/2019,Cardiff,Watford,1,5,35.4,64.6,6,7,15,12,520,781,313,579,23,14,16,35,3,3,3,1,1,2,,,10,11
264,38572,4/3/2019,Chelsea,Brighton,3,0,68.3,31.7,4,1,17,3,926,530,753,350,19,17,8,24,7,1,0,2,,,,,5,9
265,38573,2/6/2019,Everton,Man City,0,2,38.8,61.2,1,4,4,15,543,768,336,546,27,20,23,25,5,6,0,5,1,1,,,12,6
266,38574,2/23/2019,Leicester,Crystal Palace,1,4,65.4,34.6,5,5,27,7,742,493,541,289,19,15,14,37,8,3,0,1,2,1,,,7,14
267,38575,2/24/2019,Man Utd,Liverpool,0,0,35.4,64.6,3,1,6,7,487,746,317,565,18,19,28,9,3,7,3,1,1,3,,,15,17
268,38576,2/23/2019,Newcastle,Huddersfield,2,0,54.3,45.7,12,0,29,3,745,679,549,480,13,10,9,30,12,0,,,2,0,0,1,11,7
269,38577,2/22/2019,West Ham,Fulham,3,1,55.1,44.9,7,5,21,8,758,673,553,473,23,18,10,32,12,0,3,3,1,1,,,11,11
270,38578,2/27/2019,Arsenal,Bournemouth,5,1,64.8,35.2,7,5,16,13,822,518,650,346,7,16,18,20,9,4,4,4,2,2,,,11,9
271,38579,2/26/2019,Cardiff,Everton,0,3,32.8,67.2,0,4,6,12,441,740,257,534,23,10,28,33,3,4,3,1,3,1,,,12,12
272,38580,2/27/2019,Crystal Palace,Man Utd,1,3,45.5,54.5,2,4,17,13,571,634,374,468,18,21,14,19,5,6,2,0,2,3,,,8,9
273,38581,2/26/2019,Huddersfield,Wolves,1,0,49.9,50.1,3,0,15,7,654,666,445,461,21,20,17,16,3,5,0,4,2,2,,,10,10
274,38582,2/26/2019,Leicester,Brighton,2,1,49.1,50.9,3,3,19,15,624,627,446,444,14,6,33,12,4,8,2,4,1,1,,,6,4
275,38583,2/27/2019,Chelsea,Spurs,2,0,46.5,53.5,1,0,11,9,680,766,480,546,27,23,21,23,2,2,1,1,1,1,,,7,14
276,38584,2/27/2019,Liverpool,Watford,5,0,61.6,38.4,10,3,19,5,846,602,627,392,16,27,18,37,6,4,1,2,0,2,,,5,7
277,38585,2/27/2019,Man City,West Ham,1,0,75.6,24.4,7,1,20,2,968,444,780,255,14,14,9,31,13,2,7,2,0,2,,,2,6
278,38586,2/26/2019,Newcastle,Burnley,2,0,54.3,45.7,3,2,13,12,665,572,445,367,19,25,35,19,4,7,0,2,1,3,,,8,8
279,38587,2/27/2019,Southampton,Fulham,2,0,40.9,59.1,4,4,14,14,593,746,380,566,22,15,25,19,7,4,2,2,0,1,,,15,13
280,38588,3/2/2019,Bournemouth,Man City,0,1,18,82,0,7,0,23,350,974,176,809,14,9,38,11,0,14,1,2,1,2,,,7,7
281,38589,3/2/2019,Brighton,Huddersfield,1,0,52.7,47.3,4,4,14,6,697,608,455,413,22,21,20,19,6,3,3,0,2,2,,,11,6
282,38590,3/2/2019,Burnley,Crystal Palace,1,3,56.3,43.7,4,4,18,10,643,556,422,348,16,17,13,49,8,5,2,0,1,2,,,9,9
283,38591,3/3/2019,Everton,Liverpool,0,0,42.2,57.8,3,3,7,10,555,697,343,474,19,18,27,34,3,7,2,4,1,2,,,12,10
284,38592,3/3/2019,Fulham,Chelsea,1,2,36,64,5,7,12,20,566,860,384,694,14,15,17,11,5,4,2,0,2,1,,,11,10
285,38593,3/2/2019,Man Utd,Southampton,3,2,64.2,35.8,6,3,16,9,717,473,511,282,9,20,16,33,9,7,2,0,2,1,,,7,10
286,38594,3/2/2019,Spurs,Arsenal,1,1,60.2,39.8,3,4,11,9,711,514,508,334,14,23,12,20,3,4,5,1,3,2,0,1,15,14
287,38595,3/3/2019,Watford,Leicester,2,1,39,61,5,2,6,14,556,760,371,576,15,13,34,19,1,5,4,1,5,1,,,15,12
288,38596,3/2/2019,West Ham,Newcastle,2,0,55.8,44.2,4,2,10,17,742,608,538,422,26,21,14,11,1,6,1,3,3,4,,,8,14
289,38597,3/2/2019,Wolves,Cardiff,2,0,56.3,43.7,6,4,13,12,702,552,473,354,20,17,38,11,7,8,1,0,1,2,,,11,6
290,38598,3/10/2019,Arsenal,Man Utd,2,0,46.1,53.9,3,4,14,14,587,655,395,465,17,20,12,12,5,2,5,1,2,2,,,12,18
291,38599,3/9/2019,Cardiff,West Ham,2,0,29.3,70.7,7,2,16,9,424,743,226,565,13,21,17,22,7,5,2,1,2,1,,,7,12
292,38600,3/10/2019,Chelsea,Wolves,1,1,75.6,24.4,6,1,22,2,1049,473,820,277,14,34,0,47,13,0,1,2,1,4,,,8,14
293,38601,3/9/2019,Crystal Palace,Brighton,1,2,62.7,37.3,3,3,15,4,803,574,579,358,28,26,10,30,8,0,1,1,1,5,,,8,18
294,38602,3/9/2019,Huddersfield,Bournemouth,0,2,56.5,43.5,1,5,8,8,684,574,462,372,18,19,9,36,6,5,1,0,3,1,,,14,9
295,38603,3/9/2019,Leicester,Fulham,3,1,52.8,47.2,8,3,18,6,724,671,521,464,24,26,19,17,6,5,1,1,0,2,,,9,13
296,38604,3/10/2019,Liverpool,Burnley,4,2,68.6,31.4,5,2,23,3,851,506,647,290,21,27,14,30,7,3,2,7,2,0,,,4,7
297,38605,3/9/2019,Man City,Watford,3,1,71.1,28.9,9,1,19,2,885,440,727,298,7,18,9,36,9,1,4,1,1,1,,,11,7
298,38606,3/9/2019,Newcastle,Everton,3,2,45.5,54.5,7,3,19,7,602,671,361,443,22,20,27,26,8,2,2,0,3,1,,,13,10
299,38607,3/9/2019,Southampton,Spurs,2,1,36.8,63.2,4,5,12,16,515,708,291,511,15,17,46,13,1,10,2,1,4,2,,,16,9
300,38608,3/16/2019,Bournemouth,Newcastle,2,2,48.9,51.1,3,4,10,12,585,607,403,423,11,25,21,19,6,6,0,1,3,2,,,9,12
301,38609,4/16/2019,Brighton,Cardiff,0,2,63.9,36.1,2,3,14,10,744,522,520,302,18,29,16,32,5,4,2,0,0,1,,,11,13
302,38610,3/16/2019,Burnley,Leicester,1,2,62.2,37.8,2,4,13,9,661,488,472,294,12,12,12,40,9,3,4,1,1,1,0,1,9,10
303,38611,3/17/2019,Everton,Chelsea,2,0,32.7,67.3,8,5,15,17,526,866,314,666,13,21,25,11,3,4,1,3,1,2,,,17,9
304,38612,3/17/2019,Fulham,Liverpool,1,2,37.2,62.8,2,6,7,16,540,784,365,595,21,19,20,4,1,10,4,1,2,1,,,11,7
305,38613,4/24/2019,Man Utd,Man City,0,2,36.8,63.2,1,5,12,8,565,874,406,702,13,14,12,11,1,1,0,2,2,2,,,10,10
306,38614,4/3/2019,Spurs,Crystal Palace,2,0,65.3,34.7,10,1,26,5,894,568,687,364,16,17,9,26,8,2,0,4,1,0,,,8,5
307,38615,4/23/2019,Watford,Southampton,1,1,62.2,37.8,4,4,15,8,800,567,599,359,14,21,12,27,3,4,4,5,5,2,,,10,14
308,38616,3/16/2019,West Ham,Huddersfield,4,3,64.1,35.9,5,5,16,15,790,511,605,327,16,18,13,21,5,8,1,1,0,2,,,7,15
309,38617,4/24/2019,Wolves,Arsenal,3,1,29.6,70.4,3,1,11,11,445,841,285,690,15,7,18,3,5,5,1,3,2,3,,,12,9
310,38618,4/1/2019,Arsenal,Newcastle,2,0,70.6,29.4,4,1,7,3,882,468,700,285,13,17,17,23,6,2,2,2,2,0,,,11,10
311,38619,3/30/2019,Brighton,Southampton,0,1,60.2,39.8,1,2,14,8,741,543,525,346,20,9,18,27,6,5,6,0,1,2,,,8,10
312,38620,3/30/2019,Burnley,Wolves,2,0,37.2,62.8,1,1,6,8,497,719,322,534,15,16,28,10,1,5,1,2,1,1,,,12,10
313,38621,3/31/2019,Cardiff,Chelsea,1,2,28.9,71.1,3,3,8,21,423,787,239,592,27,10,23,20,2,7,2,1,2,3,,,8,14
314,38622,3/30/2019,Crystal Palace,Huddersfield,2,0,48.5,51.5,5,5,19,15,630,646,423,449,15,14,13,22,5,5,6,3,,,,,10,7
315,38623,3/30/2019,Fulham,Man City,0,2,34.6,65.4,0,7,5,24,544,866,359,679,20,16,20,12,0,11,4,1,2,0,,,4,12
316,38624,3/30/2019,Leicester,Bournemouth,2,0,58.8,41.2,4,2,18,8,809,610,605,423,15,15,19,22,6,1,3,1,0,2,,,6,12
317,38625,3/31/2019,Liverpool,Spurs,2,1,48.7,51.3,3,2,14,11,634,663,445,485,18,16,19,25,10,3,2,2,0,1,,,5,8
318,38626,3/30/2019,Man Utd,Watford,2,1,51.5,48.5,5,8,8,20,623,592,431,399,16,13,35,15,3,5,4,3,1,2,,,14,9
319,38627,3/30/2019,West Ham,Everton,0,2,49.3,50.7,1,9,3,17,632,654,420,431,23,24,23,21,4,9,2,3,1,1,,,7,14
320,38628,4/6/2019,Bournemouth,Burnley,1,3,59.9,40.1,2,3,10,10,639,462,441,284,6,12,35,20,3,6,2,5,2,3,,,12,16
321,38629,4/8/2019,Chelsea,West Ham,2,0,54,46,7,2,16,9,685,591,485,406,12,24,9,16,7,4,3,1,2,1,,,8,7
322,38630,4/7/2019,Everton,Arsenal,1,0,42.9,57.1,6,2,23,7,594,717,381,513,19,21,21,23,9,6,3,2,1,4,,,8,9
323,38631,4/6/2019,Huddersfield,Leicester,1,4,44.8,55.2,4,9,10,18,553,676,369,467,17,16,12,19,8,5,2,3,3,0,,,13,11
324,38632,4/3/2019,Man City,Cardiff,2,0,78.8,21.2,11,1,27,4,846,324,676,185,11,14,8,28,17,4,1,1,0,3,,,3,7
325,38633,4/6/2019,Newcastle,Crystal Palace,0,1,53.8,46.2,5,1,18,3,642,584,436,392,18,16,12,39,9,4,2,4,1,2,,,12,13
326,38634,4/5/2019,Southampton,Liverpool,1,3,33,67,1,5,11,17,465,757,272,565,16,11,37,17,7,5,3,3,2,4,,,8,7
327,38635,4/23/2019,Spurs,Brighton,1,0,78.5,21.5,5,1,29,6,902,383,713,194,15,18,11,37,6,3,2,1,1,2,,,7,13
328,38636,4/2/2019,Watford,Fulham,4,1,46.6,53.4,7,7,15,17,652,756,462,531,22,18,15,24,6,4,2,0,3,2,,,12,5
329,38637,4/2/2019,Wolves,Man Utd,2,1,49.8,50.2,2,4,9,18,683,680,510,515,17,14,25,11,3,5,4,5,1,2,0,1,5,11
330,38638,4/13/2019,Brighton,Bournemouth,0,5,50.1,49.9,1,7,8,14,645,664,470,480,19,22,7,21,4,1,1,0,2,4,1,0,10,6
331,38639,4/13/2019,Burnley,Cardiff,2,0,46,54,7,2,14,14,496,522,280,349,15,9,23,25,8,4,3,0,2,4,,,7,10
332,38640,4/14/2019,Crystal Palace,Man City,1,3,27.6,72.4,3,6,7,20,486,934,274,721,22,22,32,17,2,9,1,2,,,,,5,11
333,38641,4/13/2019,Fulham,Everton,2,0,40.6,59.4,5,1,12,9,566,709,343,496,20,28,25,13,7,3,1,1,2,1,,,8,10
334,38642,4/12/2019,Leicester,Newcastle,0,1,71.7,28.3,5,5,12,11,973,510,773,303,13,21,12,33,2,3,3,4,2,3,,,6,10
335,38643,4/14/2019,Liverpool,Chelsea,2,0,61.8,38.2,7,3,15,6,863,618,646,401,19,30,14,32,9,2,2,2,0,1,,,5,9
336,38644,4/13/2019,Man Utd,West Ham,2,1,42.3,57.7,4,4,14,18,578,726,373,519,21,17,25,19,3,11,3,3,1,1,,,14,5
337,38645,4/13/2019,Southampton,Wolves,3,1,30.7,69.3,6,2,12,17,487,844,281,625,23,17,35,16,4,9,0,2,1,3,,,13,8
338,38646,4/13/2019,Spurs,Huddersfield,4,0,70,30,5,1,22,7,900,480,738,305,16,13,12,15,4,2,1,0,2,2,,,10,12
339,38647,4/15/2019,Watford,Arsenal,0,1,34.1,65.9,3,5,11,19,513,839,327,660,13,12,15,22,6,4,2,4,2,0,1,0,12,8
340,38648,4/21/2019,Arsenal,Crystal Palace,2,3,72.6,27.4,5,7,12,16,881,464,656,249,15,27,6,30,8,3,1,2,4,1,,,15,12
341,38649,4/20/2019,Bournemouth,Fulham,0,1,49,51,5,5,15,17,636,642,445,457,21,14,20,12,3,7,1,0,1,3,,,11,18
342,38650,4/21/2019,Cardiff,Liverpool,0,2,23.9,76.1,2,6,7,17,352,798,193,619,15,15,29,17,5,10,4,2,1,1,,,6,5
343,38651,4/22/2019,Chelsea,Burnley,2,2,76.4,23.6,9,3,22,6,899,425,681,219,15,15,12,48,10,1,1,2,2,1,,,9,4
344,38652,4/21/2019,Everton,Man Utd,4,0,48.3,51.7,8,1,15,7,583,607,383,417,17,12,24,21,10,2,1,1,1,1,,,11,7
345,38653,4/20/2019,Huddersfield,Watford,1,2,45.7,54.3,3,6,13,11,561,629,378,459,15,16,17,14,2,2,1,2,2,2,,,15,9
346,38654,4/20/2019,Man City,Spurs,1,0,60.7,39.3,4,4,15,10,794,564,582,379,15,26,11,19,4,4,2,2,1,2,,,11,11
347,38655,4/20/2019,Newcastle,Southampton,3,1,43.4,56.6,6,3,15,15,536,632,320,417,22,14,30,18,4,11,0,2,0,2,,,5,11
348,38656,4/20/2019,West Ham,Leicester,2,2,49.3,50.7,3,5,11,11,617,633,410,425,19,27,20,24,6,8,1,2,2,0,,,8,9
349,38657,4/20/2019,Wolves,Brighton,0,0,68.2,31.8,5,0,23,5,818,468,615,297,12,24,9,37,14,1,0,1,0,1,,,0,8
350,38658,4/27/2019,Brighton,Newcastle,1,1,49.8,50.2,2,1,9,9,653,669,461,488,11,23,23,31,7,4,3,0,2,3,,,7,10
351,38659,4/28/2019,Burnley,Man City,0,1,30.1,69.9,0,7,2,25,442,814,263,608,16,13,31,21,0,6,2,3,1,1,,,5,7
352,38660,4/27/2019,Crystal Palace,Everton,0,0,36.1,63.9,0,3,8,22,564,777,313,543,21,20,36,19,5,10,4,0,2,0,,,9,15
353,38661,4/27/2019,Fulham,Cardiff,1,0,73,27,2,8,8,13,833,434,623,220,22,28,25,32,10,3,1,3,,,,,10,8
354,38662,4/28/2019,Leicester,Arsenal,3,0,67.2,32.8,12,1,24,6,816,491,610,293,19,16,25,20,8,6,2,3,3,1,0,1,13,13
355,38663,4/26/2019,Liverpool,Huddersfield,5,0,70.3,29.7,7,1,21,5,927,479,726,306,19,23,11,20,4,4,2,4,,,,,5,14
356,38664,4/28/2019,Man Utd,Chelsea,1,1,51.7,48.3,5,3,7,16,653,617,467,422,15,15,12,19,6,6,5,5,3,2,,,9,14
357,38665,4/27/2019,Southampton,Bournemouth,3,3,44.4,55.6,7,5,22,9,586,661,351,459,25,19,20,30,9,3,,,2,1,,,8,9
358,38666,4/27/2019,Spurs,West Ham,0,1,63,37,4,7,14,16,847,579,614,351,20,21,25,21,2,7,5,3,0,2,,,3,8
359,38667,4/27/2019,Watford,Wolves,1,2,56.5,43.5,1,4,10,11,716,597,495,386,17,22,34,34,4,5,3,5,3,2,,,10,11
360,38668,5/5/2019,Arsenal,Brighton,1,1,70.5,29.5,8,5,20,11,783,450,564,235,11,22,17,36,16,3,2,4,5,2,,,9,14
361,38669,5/4/2019,Bournemouth,Spurs,1,0,53.6,46.4,6,5,20,11,643,595,439,404,15,15,15,20,10,6,1,3,1,5,0,2,11,12
362,38670,5/4/2019,Cardiff,Crystal Palace,2,3,39.3,60.7,8,7,18,21,499,689,276,446,21,16,23,29,10,5,1,2,,,,,14,11
363,38671,5/5/2019,Chelsea,Watford,3,0,58.4,41.6,9,3,19,16,747,570,537,382,22,14,26,15,6,6,1,3,0,1,,,6,12
364,38672,5/3/2019,Everton,Burnley,2,0,60.1,39.9,6,1,20,5,764,565,555,369,20,17,22,34,8,1,1,2,0,2,,,8,9
365,38673,5/5/2019,Huddersfield,Man Utd,1,1,35.8,64.2,3,7,7,23,506,805,332,600,18,15,20,20,3,7,2,1,1,1,,,10,10
366,38674,5/6/2019,Man City,Leicester,1,0,61,39,5,2,19,7,817,608,636,416,14,22,10,44,11,0,2,0,3,2,,,12,5
367,38675,5/4/2019,Newcastle,Liverpool,2,3,30.9,69.1,7,4,14,11,469,851,294,677,12,13,27,22,2,3,4,2,1,1,,,10,4
368,38676,5/4/2019,West Ham,Southampton,3,0,56.3,43.7,6,1,17,11,728,572,520,384,18,14,26,13,2,7,3,1,1,1,,,2,11
369,38677,5/4/2019,Wolves,Fulham,1,0,39.2,60.8,6,2,19,6,546,782,376,601,19,13,13,36,7,1,1,0,1,3,,,10,15
370,38678,5/12/2019,Brighton,Man City,1,4,23.7,76.3,2,9,6,20,401,955,245,796,16,15,41,5,2,6,1,1,,,,,12,8
371,38679,5/12/2019,Burnley,Arsenal,1,3,39.7,60.3,5,6,14,17,527,714,341,533,15,11,21,27,4,5,4,0,5,1,,,11,3
372,38680,5/12/2019,Crystal Palace,Bournemouth,5,3,45,55,8,8,17,16,627,713,429,517,16,18,23,19,4,4,4,1,3,0,,,11,8
373,38681,5/12/2019,Fulham,Newcastle,0,4,68.1,31.9,2,6,16,13,940,532,765,358,12,15,7,38,5,5,1,1,1,0,,,6,8
374,38682,5/12/2019,Leicester,Chelsea,0,0,46.9,53.1,3,4,9,14,644,711,470,533,16,12,17,16,4,5,1,2,0,1,,,9,8
375,38683,5/12/2019,Liverpool,Wolves,2,0,59,41,5,2,13,7,784,581,603,427,16,14,15,20,4,1,3,1,0,2,,,3,11
376,38684,5/12/2019,Man Utd,Cardiff,0,2,73.6,26.4,10,4,26,13,811,404,620,223,15,16,13,20,11,2,3,0,3,3,,,9,6
377,38685,5/12/2019,Southampton,Huddersfield,1,1,53.7,46.3,3,3,10,10,659,579,447,388,12,27,16,26,4,3,1,2,0,1,,,8,6
378,38686,5/12/2019,Spurs,Everton,2,2,55,45,3,9,11,16,740,638,543,436,22,16,17,17,7,4,2,1,0,2,,,10,13
379,38687,5/12/2019,Watford,West Ham,1,4,48.3,51.7,8,9,17,16,586,674,419,460,17,15,12,34,7,2,4,1,1,0,1,0,10,10
